n_items,n_participants,category_system,time_to_fit,theta_coverage,beta_coverage,theta_correlation,beta_correlation
20,100,5-category A,160.71980595588684,0.959,1,0.9413109565304808,0.989337951078664
50,100,5-category A,328.02514708042145,0.958,0.936,0.9737303457410036,0.985309724940202
600,100,5-category A,727.5547191858292,0.94,0.94969,0.9857165471940892,0.9303487355687508
300,100,5-category A,687.2764751434327,0.949,0.951,0.9840357236785996,0.9608731927970304
