n_items,n_participants,category_system,time_to_fit,theta_coverage,beta_coverage,theta_correlation,beta_correlation
20,100,3-category,152.2097889661789,0.966,0.965,0.9370704839433678,0.9835070565423832
50,100,3-category,321.04831700325013,0.961,0.906,0.9748075619103452,0.985929769443218
600,100,3-category,728.2412852048874,0.956,0.95191,0.9846701197125426,0.9239379321816084
300,100,3-category,695.7415709257126,0.94,0.95289,0.9848635433898936,0.9604309455882356
