n_items,n_participants,category_system,time_to_fit,theta_coverage,beta_coverage,theta_correlation,beta_correlation
20,100,5-category B,186.38933322429656,0.956,1,0.9460790432715652,0.9900310231257828
50,100,5-category B,347.50432965755465,0.962,0.926,0.9760737726945904,0.9866204260916626
600,100,5-category B,767.9645997524261,0.955,0.94653,0.9863129759265804,0.9311367377956332
300,100,5-category B,723.4897312641144,0.945,0.94141,0.9876797052790576,0.9647146804931854
